found_location,n,lat,lon,status
Austin (TX),14311,30.1666085,-97.789011,ok
Outside Jurisdiction,945,,,skip_non_geographic
Travis (TX),907,30.1666085,-97.789011,ok
7201 Levander Loop in Austin (TX),514,30.2514776,-97.6894899,ok
Del Valle (TX),407,30.1776045,-97.6106312,ok
Pflugerville (TX),370,30.4516912,-97.6061005,ok
Manor (TX),268,30.350187,-97.4968015,ok
4434 Frontier Trl in Austin (TX),163,30.2314095,-97.7957635,ok
124 W Anderson Ln in Austin (TX),152,30.344704,-97.705244,ok
Leander (TX),112,30.5736134,-97.8567339,ok
12034 Research Blvd in Austin (TX),99,30.425271,-97.752875,ok
1156 W Cesar Chavez in Austin (TX),98,30.2558955,-97.7317072,ok
12034 Research in Austin (TX),96,30.425271,-97.752875,ok
1834 Ferguson in Austin (TX),90,30.345182,-97.671591,ok
1156 W Cesar Chavez St in Austin (TX),75,30.269874,-97.7596284,ok
4106 N Lamar in Austin (TX),69,30.309476,-97.740685,ok
14811 Chicadee in Pflugerville (TX),67,,,no_result
4106 N Lamar Blvd in Austin (TX),66,30.309476,-97.740685,ok
Lago Vista (TX),56,30.4601975,-97.9883477,ok
Round Rock (TX),56,30.4839802,-97.6523951,ok
Cedar Park (TX),55,30.5212069,-97.83338,ok
7619 Scenic Brook in Austin (TX),53,30.2357055,-97.8969963,ok
Hays (TX),52,29.8809946,-97.912188,ok
124 West Anderson Lane in Austin (TX),50,30.344704,-97.705244,ok
6600 Elm Creek Dr in Austin (TX),47,30.187324,-97.7636993,ok
21413 Webber Oaks Cv in Travis (TX),45,30.2449534,-97.4777688,ok
4434 Frontier Trail in Austin (TX),43,30.2314095,-97.7957635,ok
4434 Frontier in Austin (TX),41,30.2314095,-97.7957635,ok
1156 Cesar Chavez in Austin (TX),39,30.269874,-97.7596284,ok
1601 E Slaughter Ln in Austin (TX),38,30.1530963,-97.7692202,ok
12901 N Ih 35 #1100 in Austin (TX),38,,,no_result
Williamson (TX),36,30.4839802,-97.6523951,ok
1000 Ellingson in Austin (TX),36,30.3036635,-97.7190608,ok
5701 Johnny Morris Rd in Austin (TX),36,30.2918179,-97.651597,ok
12138 N Lamar Blvd in Austin (TX),34,30.3998055,-97.6832724,ok
Lakeway (TX),32,30.3644888,-97.9875325,ok
Riverside And Pleasant Valley in Austin (TX),32,30.2336763,-97.7235237,ok
5338 Thunder Creek in Austin (TX),32,30.417114,-97.747802,ok
Bastrop (TX),31,30.1040878,-97.3336841,ok
11113 Chatam Berry in Austin (TX),30,30.15873,-97.8432984,ok
1515 Wickersham Ln in Austin (TX),29,30.2350044,-97.71831,ok
5800 Techni Center Dr in Austin (TX),28,30.27902,-97.671409,ok
5200 Knight Cir in Austin (TX),28,30.306018,-97.6989594,ok
600 Barwood Park in Austin (TX),27,30.349501,-97.696669,ok
400 Grove Blvd in Austin (TX),27,30.2435245,-97.7013865,ok
5801 Ainez Dr in Austin (TX),26,30.1876968,-97.7382435,ok
1156 W. Cesar Chavez in Austin (TX),26,30.2558955,-97.7317072,ok
1300 Crossing Pl in Austin (TX),26,30.2383025,-97.7135045,ok
1203 Cometa St in Austin (TX),26,30.2789028,-97.6894454,ok
Montopolis And Riverside in Austin (TX),25,30.2250003,-97.703228,ok
923 Walter St in Austin (TX),25,30.2680135,-97.7117564,ok
2425 E Riverside Dr in Austin (TX),25,30.235703,-97.7259777,ok
9300 Northgate in Austin (TX),25,30.372392,-97.715607,ok
Unknown in Austin (TX),24,,,no_result
710 E Ben White Blvd in Austin (TX),23,30.2192565,-97.755355,ok
2504 Huntwick Dr in Austin (TX),23,30.225272,-97.727571,ok
9300 S Ih 35 Frontage Rd in Austin (TX),23,,,no_result
6900 Old Bee Caves Rd in Austin (TX),23,30.2366381,-97.8710441,ok
2100 Barton Springs Rd in Austin (TX),22,30.2679178,-97.7682227,ok
1800 E Stassney Ln in Austin (TX),22,30.1975405,-97.7607977,ok
1704 Nelms Dr in Austin (TX),22,30.192998,-97.76505,ok
5701 Johnny Morris in Austin (TX),22,30.2918179,-97.651597,ok
13021 Dessau Rd in Austin (TX),22,30.4001006,-97.6405055,ok
15008 Fm 812 in Del Valle (TX),22,,,no_result
1301 Crossing Place in Austin (TX),22,30.235892,-97.7114771,ok
2815 Hwy 71 in Austin (TX),22,30.2097023,-97.6518254,ok
7601 Daffan Ln in Austin (TX),21,30.3147835,-97.6253688,ok
6118 Fairway in Austin (TX),21,30.2292493,-97.7039056,ok
2900 Sunridge Dr in Austin (TX),21,30.2213608,-97.7270326,ok
1881 Grove Blvd in Austin (TX),21,30.228635,-97.706148,ok
9110 Fm 812 in Austin (TX),21,30.164112,-97.6921717,ok
5129 Cameron Rd in Austin (TX),20,30.3090542,-97.7092134,ok
Jonestown (TX),20,30.4954748,-97.9233468,ok
3101 Shoreline Dr in Austin (TX),20,,,no_result
124 W Anderson in Austin (TX),20,30.344704,-97.705244,ok
2104 E Anderson Ln in Austin (TX),20,30.330016,-97.6781728,ok
1511 Faro Dr in Austin (TX),20,30.2354978,-97.7133916,ok
1156 West Cesar Chavez in Austin (TX),20,30.269874,-97.7596284,ok
12508 Esplanade in Austin (TX),20,30.4153855,-97.6940372,ok
7601 Daffan Lane in Austin (TX),20,30.3147835,-97.6253688,ok
1014 Castle Rd in Travis (TX),20,30.292347,-97.838275,ok
6403 Tiner in Austin (TX),20,30.2926454,-97.6381855,ok
1200 Montopolis Dr in Austin (TX),19,30.2321169,-97.6993307,ok
1054 Springdale Rd in Austin (TX),19,30.271857,-97.693044,ok
4700 E Riverside Dr in Austin (TX),19,30.2318905,-97.7191474,ok
6118 Fairway St in Austin (TX),19,30.2292493,-97.7039056,ok
21506 Ann Showers in Travis (TX),19,30.278086,-97.477015,ok
10600 Old Lockhart Rd in Travis (TX),19,30.130189,-97.755704,ok
4913 Hudson Bend Rd in Austin (TX),19,,,no_result
3111 Parker Ln in Austin (TX),18,30.223562,-97.741976,ok
2314 Wickersham Ln in Austin (TX),18,30.228122,-97.722182,ok
2101 Burton Dr in Austin (TX),18,30.2326461,-97.7317456,ok
12166 Metric Blvd in Austin (TX),18,30.406776,-97.6978434,ok
501 U.S. 183 in Austin (TX),18,,,no_result
Creedmoor (TX),18,30.0899368,-97.7338917,ok
500 E Cesar Chavez in Austin (TX),18,30.2644759,-97.7329575,ok
8207 Canoga Ave in Austin (TX),18,30.284123,-97.634631,ok
1016 Camino La Costa in Austin (TX),18,30.326446,-97.7014153,ok
501 S Hwy 183 in Austin (TX),18,30.2179526,-97.6834263,ok
Born In Shelter in Austin (TX),18,,,no_result
21306 Dodge Trl in Lago Vista (TX),18,30.4765505,-97.9855305,ok
Slaughter And Manchaca in Austin (TX),17,,,no_result
401 Little Texas Ln in Austin (TX),17,30.200678,-97.7724825,ok
2317 S Pleasant Valley Rd in Austin (TX),17,30.229359,-97.726213,ok
9201 Circuit Of The Americas Blvd in Austin (TX),17,30.135635,-97.644044,ok
9300 Northgate Blvd in Austin (TX),17,30.372392,-97.715607,ok
3600 Presidential Blvd in Austin (TX),17,30.202769,-97.665704,ok
3308 Thompson St in Austin (TX),17,30.266989,-97.699751,ok
9024 Northgate Blvd in Austin (TX),17,30.3702255,-97.7171306,ok
5200 Knight in Austin (TX),17,30.306018,-97.6989594,ok
6403 Johnny Morris Rd in Austin (TX),17,30.2969084,-97.6488779,ok
1401 E Rundberg Ln in Austin (TX),16,30.351666,-97.6783505,ok
1088 Park Plaza in Austin (TX),16,30.3483473,-97.6867522,ok
508 E Howard Ln in Austin (TX),16,30.414562,-97.653183,ok
907 W Slaughter Ln in Austin (TX),16,30.1677187,-97.8071525,ok
1700 Teri Rd in Austin (TX),16,30.205244,-97.755658,ok
15436 Fm 1825 in Travis (TX),16,30.4484655,-97.6619751,ok
2336 Douglas St in Austin (TX),16,30.228281,-97.7330302,ok
9201 Circuit Of The Americas Blvd in Travis (TX),16,30.135635,-97.644044,ok
11400 Concordia University Dr. in Austin (TX),16,30.4178669,-97.8402363,ok
201 San Jacinto Blvd in Austin (TX),16,30.263827,-97.741516,ok
1420 E Anderson Ln in Austin (TX),16,30.333444,-97.686523,ok
9816 Bundoran in Austin (TX),16,30.5024015,-97.7618892,ok
1600 Wickersham Ln in Austin (TX),15,30.235978,-97.718586,ok
1801 Wells Branch Pkwy in Austin (TX),15,30.4378428,-97.6582081,ok
1515 Wickersham in Austin (TX),15,30.2350044,-97.71831,ok
1840 Burton Dr in Austin (TX),15,30.2354625,-97.7296133,ok
12609 Dessau Rd in Austin (TX),15,30.3950923,-97.6438278,ok
7201 Levander in Austin (TX),15,30.2514776,-97.6894899,ok
E Stassney Ln & Nuckols Crossing Rd in Austin (TX),15,,,no_result
9323 Manchaca Rd in Austin (TX),15,30.1685841,-97.8306185,ok
1430 Frontier Valley in Austin (TX),15,30.226452,-97.6939006,ok
7501 Wynne Ln in Austin (TX),15,30.19257,-97.802828,ok
8509 Fm 969 in Austin (TX),15,30.2772393,-97.6381755,ok
13808 Maha Rd in Austin (TX),15,,,no_result
5600 Decker Creek Cv in Manor (TX),15,,,no_result
4008 E 12Th St in Austin (TX),15,30.2786965,-97.6904578,ok
1000 Ellingson Ln in Austin (TX),15,30.3036635,-97.7190608,ok
4200 Clawson Road in Austin (TX),15,30.2299665,-97.7836106,ok
6506 High Point Cove in Austin (TX),15,,,no_result
3209 S Ih 35 in Austin (TX),14,,,no_result
701 Woodward St in Austin (TX),14,30.225402,-97.752067,ok
7902 Dee Gabriel Collins in Austin (TX),14,30.175229,-97.702525,ok
124 W Anderson Lane in Austin (TX),14,30.344704,-97.705244,ok
1020 Grove Blvd in Austin (TX),14,30.2368341,-97.7083575,ok
15208 Fm 969 in Austin (TX),14,30.2843172,-97.6575518,ok
1102 S Congress Ave in Austin (TX),14,30.2544559,-97.7502362,ok
1401 E Rundberg in Austin (TX),14,30.3635859,-97.6978545,ok
6600 Elm Creek in Austin (TX),14,30.187324,-97.7636993,ok
11441 N Ih 35 in Austin (TX),14,,,no_result
1700 Burton Dr in Austin (TX),14,30.2377977,-97.7279519,ok
11411 Research Blvd in Austin (TX),14,30.410988,-97.744709,ok
900 Barton Springs Rd in Austin (TX),14,30.2606044,-97.7528317,ok
900 Barton Springs in Austin (TX),14,30.2606044,-97.7528317,ok
5400 W Parmer Ln in Austin (TX),14,30.4365825,-97.733487,ok
1030 Norwood Park Blvd in Austin (TX),14,30.339196,-97.6896354,ok
2421 Chateau Village Way in Austin (TX),14,30.1719615,-97.7659717,ok
2508 E Riverside Dr in Austin (TX),14,30.2365912,-97.7221483,ok
4502 Gillis St in Austin (TX),14,30.2239655,-97.7840354,ok
45Th And Mopac in Austin (TX),14,,,no_result
3116 River Rd in Travis (TX),14,30.204682,-97.5067882,ok
700 South 1St in Austin (TX),14,30.2558085,-97.752286,ok
5409 Ponciana Dr in Austin (TX),14,30.1966256,-97.7553506,ok
2504 New York in Austin (TX),14,30.2737045,-97.7137121,ok
16672 Round Mountain in Travis (TX),14,30.604965,-97.935637,ok
9807 Hansford Drive in Austin (TX),14,30.3607855,-97.6801458,ok
Manchaca And Slaughter in Austin (TX),13,,,no_result
1601 Montopolis Dr in Austin (TX),13,30.227718,-97.701167,ok
5106 Village Square in Austin (TX),13,30.1890499,-97.7434164,ok
401 Little Texas Lane in Austin (TX),13,30.200678,-97.7724825,ok
3811 E 12Th St in Austin (TX),13,30.2768,-97.6902958,ok
7601 Dixie Dr in Austin (TX),13,30.1649072,-97.7432817,ok
2201 Barton Springs Rd in Austin (TX),13,30.265894,-97.769234,ok
6200 Loyola Ln in Austin (TX),13,30.3024715,-97.6508552,ok
2100 Barton Springs Road in Austin (TX),13,30.2679178,-97.7682227,ok
4106 N. Lamar in Austin (TX),13,30.309476,-97.740685,ok
12001 Metric Blvd in Austin (TX),13,30.401381,-97.7017954,ok
4407 Norwood in Austin (TX),13,30.188181,-97.68734,ok
7610 Cameron Rd in Austin (TX),13,30.3318765,-97.688423,ok
715 E 8Th St in Austin (TX),13,30.2674774,-97.7349511,ok
1500 Faro Dr in Austin (TX),13,30.2341226,-97.7144441,ok
2200 Willow Creek Dr in Austin (TX),13,30.230468,-97.730859,ok
8515 S Ih 35 in Austin (TX),13,30.1767039,-97.7976812,ok
5400 Freidrich Ln in Austin (TX),13,30.200571,-97.756311,ok
2801 Wells Branch Pkwy in Austin (TX),13,30.4378428,-97.6582081,ok
7607 Blessing Ave in Austin (TX),13,30.333439,-97.691639,ok
2100 Barton Springs in Austin (TX),13,30.2679178,-97.7682227,ok
7132 Texas 71 in Austin (TX),13,,,no_result
2406 Rosewood Ave in Austin (TX),13,30.272141,-97.709125,ok
9604 Bock Rd in Travis (TX),13,30.065989,-97.674047,ok
2110 Thrasher Ln in Austin (TX),13,30.221634,-97.701895,ok
2201 Montopolis in Austin (TX),13,30.2222308,-97.7043463,ok
1628 Ohlen Rd in Austin (TX),13,30.3645036,-97.7164007,ok
Clearfield in Austin (TX),13,30.3577607,-97.7134811,ok
9802 Roxanna Drive in Austin (TX),13,30.1762475,-97.8278574,ok
5000 Spruce Circle in Austin (TX),13,30.2966438,-97.6858294,ok
4605 Button Bend in Austin (TX),13,30.201222,-97.7415244,ok
12304 Elm Valley Dr in Travis (TX),13,30.133951,-97.825834,ok
1701 Congress Ave in Austin (TX),13,30.278863,-97.738702,ok
8303 Hornet Dr in Austin (TX),13,30.2009,-97.8397729,ok
1817 East Oltorf in Austin (TX),13,30.2316267,-97.7365656,ok
212 Hokanson Road in Del Valle (TX),13,,,no_result
6503 Bluff Springs in Austin (TX),12,30.190317,-97.766593,ok
North Ec in Austin (TX),12,,,no_result
7209 Barnsdale Way in Austin (TX),12,30.192172,-97.7929818,ok
Montopolis in Austin (TX),12,30.2249463,-97.7034441,ok
Riverside And Montopolis in Austin (TX),12,30.2249074,-97.7037393,ok
14000 Renaissance Ct in Austin (TX),12,,,no_result
1300 Crossing Place in Austin (TX),12,30.2383025,-97.7135045,ok
7903 Taza Trl in Austin (TX),12,30.2869515,-97.6388581,ok
124 West Anderson in Austin (TX),12,30.344704,-97.705244,ok
Riverside And Wickersham in Austin (TX),12,30.2357707,-97.7184655,ok
8524 Burnet Rd in Austin (TX),12,30.366943,-97.728397,ok
43 Rainey St in Austin (TX),12,30.2559818,-97.7395147,ok
2501 Wickersham Ln in Austin (TX),12,30.2235577,-97.7254174,ok
2005 Willow Creek Dr in Austin (TX),12,30.232053,-97.728603,ok
810 E Slaughter Ln in Austin (TX),12,30.159575,-97.775876,ok
5808 Mckinney Falls Pkwy in Austin (TX),12,30.1983226,-97.690767,ok
2901 S Capital Of Texas Hwy in Austin (TX),12,30.2540028,-97.8073575,ok
9515 Hotel Dr in Austin (TX),12,30.2122394,-97.6634575,ok
4701 Staggerbrush Rd in Austin (TX),12,30.233221,-97.836669,ok
2317 S Pleasant Valley in Austin (TX),12,30.2302634,-97.7241988,ok
10505 S Ih 35 in Austin (TX),12,,,no_result
409 E William Cannon Dr in Austin (TX),12,30.191483,-97.775535,ok
701 Woodward in Austin (TX),12,30.225402,-97.752067,ok
7309 Lazy Creek Dr in Austin (TX),12,30.3120113,-97.6557394,ok
824 Fairfield Dr in Austin (TX),12,30.356243,-97.703342,ok
1101 Wheatley Ave in Austin (TX),12,30.3326598,-97.6937897,ok
9102 Shepard Dr in Austin (TX),12,30.3604545,-97.6979708,ok
1044 Camino La Costa in Austin (TX),12,30.3250825,-97.6997524,ok
2308 Perry Ave #106 in Austin (TX),12,30.244984,-97.765517,ok
8718 Fm 812 in Travis (TX),12,30.1637878,-97.6901517,ok
2109 Jesse Owens Dr in Austin (TX),12,30.154073,-97.8400411,ok
6700 Evelyn Rd in Austin (TX),12,,,no_result
6813 Sabrina Dr in Austin (TX),12,30.15323,-97.7401096,ok
5201 Berkman Dr in Austin (TX),12,30.3048537,-97.6976298,ok
3505 South Lamar in Austin (TX),12,30.239441,-97.787691,ok
Bluff Springs And William Cannon in Austin (TX),12,30.1894491,-97.7678721,ok
1128 Gardner in Austin (TX),12,30.261872,-97.6797875,ok
1206 Woodfield Dr in Austin (TX),12,30.364347,-97.7076518,ok
2And And Attayca in Austin (TX),12,,,no_result
7802 Rutgers Ave in Austin (TX),12,30.351921,-97.726204,ok
8028 Elroy Rd in Travis (TX),12,30.1406595,-97.6187829,ok
7700 Beauregard Cir in Austin (TX),12,30.194527,-97.811156,ok
2107 Kirksey Drive in Austin (TX),12,30.2294654,-97.7177851,ok
7000 Decker Ln in Austin (TX),11,30.294403,-97.626035,ok
Cesar Chavez And Pleasant Valley in Austin (TX),11,30.2531527,-97.7128425,ok
2200 S Pleasant Valley in Austin (TX),11,30.2302634,-97.7241988,ok
2209 Kinney in Austin (TX),11,30.246682,-97.7731021,ok
Cesar Chavez in Austin (TX),11,30.2558955,-97.7317072,ok
2206 Blue Meadow Dr in Austin (TX),11,30.1821118,-97.7629653,ok
1015 E Yager Ln in Austin (TX),11,30.3910445,-97.6612283,ok
9500 Dessau Rd in Austin (TX),11,30.352494,-97.67525,ok
9601 Middle Fiskville in Austin (TX),11,30.359323,-97.6849671,ok
9300 S Ih 35 in Austin (TX),11,,,no_result
11001 S 1St St in Austin (TX),11,30.1450677,-97.8034004,ok
Parmer And Metric in Austin (TX),11,30.4122733,-97.6913726,ok
12501 Tech Ridge Blvd in Austin (TX),11,30.3980893,-97.6615047,ok
Westgate And William Cannon in Austin (TX),11,30.2065849,-97.8166166,ok
6201 Sneed Cv in Austin (TX),11,30.193943,-97.763443,ok
12800 Center Lake Dr in Austin (TX),11,30.4069695,-97.668567,ok
11700 Metric Blvd in Austin (TX),11,30.3964235,-97.7067935,ok
2932 Ellon Rd in Del Valle (TX),11,,,no_result
1301 Crossing Pl in Austin (TX),11,30.235892,-97.7114771,ok
8885 Research Blvd in Austin (TX),11,30.3705625,-97.719591,ok
E Riverside Dr & S Pleasant Valley Rd in Austin (TX),11,,,no_result
10707 Lake Creek Pkwy in Austin (TX),11,30.454752,-97.805583,ok
8900 N Ih 35 in Austin (TX),11,,,no_result
1215 W Slaughter Ln in Austin (TX),11,30.173093,-97.814327,ok
4710 Carson Hill Dr in Austin (TX),11,,,no_result
4511 Lucksinger Ln in Austin (TX),11,30.2146565,-97.7650462,ok
7603 Clydesdale in Austin (TX),11,30.2042,-97.8301909,ok
1401 East Rundberg Ln in Austin (TX),11,30.351666,-97.6783505,ok
1000 E 41St St in Austin (TX),11,30.3005067,-97.7196451,ok
8312 N Ih 35 in Austin (TX),11,,,no_result
1500 Crossing Place in Austin (TX),11,30.235083,-97.7155879,ok
12118 Walnut Park Xing. in Austin (TX),11,30.3927555,-97.6767332,ok
912 U.S. 183 in Austin (TX),11,,,no_result
10000 N Lamar Blvd in Austin (TX),11,30.369263,-97.6951,ok
9414 N Lamar Blvd in Austin (TX),11,30.3634852,-97.6968722,ok
17720 Powder Creek Dr in Manor (TX),11,,,no_result
3002 Ellon Rd in Del Valle (TX),11,,,no_result
3300 Killingsworth Ln. #307 in Pflugerville (TX),11,,,no_result
1006 Banister Ln in Austin (TX),11,30.229575,-97.774426,ok
12508 Esplanade St in Austin (TX),11,30.4153855,-97.6940372,ok
9100 Evelyn Rd in Travis (TX),11,30.0674605,-97.6804285,ok
40 N Ih 35 in Austin (TX),11,,,no_result
2101 Elmont Dr in Austin (TX),11,30.2410985,-97.7259031,ok
1901 E Anderson Ln in Austin (TX),11,30.329088,-97.680831,ok
412 W Alpine in Austin (TX),11,30.2007771,-97.697885,ok
1156 Cesar Chavez St in Austin (TX),11,30.269874,-97.7596284,ok
Braker Ln And Hwy 183 in Austin (TX),11,,,no_result
Live Oak And S Congress in Austin (TX),11,30.2452059,-97.7600675,ok
1515 Wickersham Lane in Austin (TX),11,30.2350044,-97.71831,ok
1812 Miles Ave in Austin (TX),11,30.2054535,-97.8021207,ok
5701 Johnny Morris Road in Austin (TX),11,30.2918179,-97.651597,ok
12621 Hymeadow Rd in Austin (TX),11,,,no_result
619 W Powell Ln in Austin (TX),11,30.349745,-97.707645,ok
7101 Ed Bluestein Blvd in Austin (TX),11,30.312511,-97.661565,ok
7207 Barnsdale Way in Austin (TX),11,30.192337,-97.7929048,ok
5804 Walnut Cove in Austin (TX),11,30.1922091,-97.7305688,ok
11309 Doyle Overton Rd in Austin (TX),11,,,no_result
1602 Citation Dr in Del Valle (TX),11,,,no_result
1000 Creekbend Drive in Pflugerville (TX),11,30.4511405,-97.6220507,ok
14701 Branding Iron Pass in Travis (TX),11,30.3733635,-97.9322298,ok
5006 Emerald Forest in Austin (TX),11,30.2175815,-97.783146,ok
10210 Ember Glen in Austin (TX),11,30.4370517,-97.8247683,ok
6105 Saddler Ln in Austin (TX),11,30.290248,-97.6400604,ok
Catherine Drive And Blue Bluff in Austin (TX),11,,,no_result
11611 Raymond C Ewry Lane in Austin (TX),11,30.151968,-97.840887,ok
5605 Signal Point in Austin (TX),11,30.287989,-97.6474608,ok
South Ec in Austin (TX),10,,,no_result
Crossing Place And Riverside in Austin (TX),10,30.2323322,-97.717032,ok
W Parmer Ln & Mcneil Dr in Austin (TX),10,,,no_result
7104 Berkman Dr in Austin (TX),10,30.3240355,-97.6915352,ok
8300 N Ih 35 in Austin (TX),10,,,no_result
8800 N Ih 35 in Austin (TX),10,,,no_result
1735 Rutland Dr in Austin (TX),10,30.376993,-97.710848,ok
William Cannon And Manchaca in Austin (TX),10,,,no_result
1801 Fortview Rd in Austin (TX),10,,,no_result
12507 Esplanade in Austin (TX),10,30.4156435,-97.6936079,ok
12315 Rayden St. in Travis (TX),10,,,no_result
509 E Todd Lane in Austin (TX),10,30.2152419,-97.7351207,ok
9218 Balcones Club Dr in Austin (TX),10,30.443137,-97.787503,ok
7112 Ed Bluestein Blvd in Austin (TX),10,30.3118639,-97.6646147,ok
5414 Bolm Rd in Austin (TX),10,30.2577195,-97.688911,ok
8220 Research Blvd in Austin (TX),10,30.3548155,-97.7169343,ok
2307 Ventura in Austin (TX),10,30.217308,-97.7368533,ok
3603 Southridge Dr in Austin (TX),10,30.234052,-97.777418,ok
12118 Walnut Park Crossing in Austin (TX),10,30.3927555,-97.6767332,ok
7211 Northeast Dr in Austin (TX),10,30.322124,-97.67923,ok
8519 Cahill Dr in Austin (TX),10,30.444318,-97.774606,ok
Airport in Austin (TX),10,30.1934893,-97.6650096,ok
6600 Ed Bluestein Blvd in Austin (TX),10,30.305514,-97.6615421,ok
1201 Payton Gin Rd in Austin (TX),10,30.3596564,-97.7073287,ok
1102 S Congress in Austin (TX),10,30.2544559,-97.7502362,ok
7707 S Ih 35 in Austin (TX),10,,,no_result
5338 Thunder Creek Rd in Austin (TX),10,30.417114,-97.747802,ok
2110 W Slaughter Ln in Austin (TX),10,30.1757946,-97.8259035,ok
5800 Techni Center in Austin (TX),10,30.27902,-97.671409,ok
900 Webberwood Way in Travis (TX),10,30.231374,-97.482276,ok
8105 Research Blvd in Austin (TX),10,30.353762,-97.713076,ok
7132 W 71 Hwy in Austin (TX),10,,,no_result
7500 S Pleasant Valley Rd in Austin (TX),10,30.170394,-97.75387,ok
Nuckols Crossing in Austin (TX),10,30.1794758,-97.7505241,ok
1311 Fairbanks in Austin (TX),10,30.327679,-97.6916317,ok
Hwy 183 And E Riverside Dr in Austin (TX),10,,,no_result
1520 Rutherford Ln in Austin (TX),10,30.3380185,-97.6809278,ok
Ben White/Manchaca in Austin (TX),10,,,no_result
14811 Chicadee Circle in Travis (TX),10,30.4191475,-97.6231595,ok
625 E Stassney Ln in Austin (TX),10,30.200761,-97.769337,ok
515 City Park Rd in Pflugerville (TX),10,30.4457098,-97.6220755,ok
1308 Thornberry Rd in Del Valle (TX),10,,,no_result
Williamson Rd & Graef Rd in Travis (TX),10,,,no_result
5800 Colton Rd in Austin (TX),10,30.180541,-97.6871698,ok
1515 Grove Blvd in Austin (TX),10,30.2308585,-97.7055412,ok
13000 N Ih 35 in Austin (TX),10,,,no_result
3308 Thompson in Austin (TX),10,30.266989,-97.699751,ok
1601 Royal Crest Dr in Austin (TX),10,30.2385876,-97.7300124,ok
10107 Rodriguez Rd in Austin (TX),10,,,no_result
9435 Middle Fiskville Rd in Austin (TX),10,30.3585225,-97.6854925,ok
4014 W William Cannon Dr in Austin (TX),10,30.21724,-97.8346524,ok
8000 Decker Ln in Austin (TX),10,30.3045355,-97.6194013,ok
50002 Westgate Blvd in Austin (TX),10,,,no_result
11604 Loweswater in Austin (TX),10,30.354483,-97.6157571,ok
8718 Fm 812 in Austin (TX),10,,,no_result
3500 Eskew Dr in Austin (TX),10,30.20341,-97.8374337,ok
12419 Metric Blvd in Austin (TX),10,30.411347,-97.6916613,ok
3101 West Terrace Drive in Austin (TX),10,30.345234,-97.7488299,ok
2239 Cromwell Cir in Austin (TX),10,30.228606,-97.7184829,ok
16006 Agua Vista in Austin (TX),10,,,no_result
906 W Milton St in Austin (TX),10,30.2505215,-97.7596683,ok
20906 Delorio in Manor (TX),10,,,no_result
5806 Coolbrook Dr in Austin (TX),10,30.304689,-97.6543904,ok
Becker Ln And Reynero in Del Valle (TX),10,,,no_result
3300 Killingsworth Ln in Pflugerville (TX),10,,,no_result
16901 Hayride Circle in Travis (TX),10,30.141164,-97.5759904,ok
1108 Blue Fox Dr in Austin (TX),10,30.4051935,-97.6492618,ok
1100 Debco Ln in Travis (TX),10,30.385058,-98.028099,ok
11009 Amblewood Way in Austin (TX),10,30.370076,-97.6695647,ok
1601 E. Slaughter Ln. #83 in Travis (TX),10,30.1530963,-97.7692202,ok
2347 Douglas #1103 in Austin (TX),10,,,no_result
17944 Majestic Elm Ln in Travis (TX),10,30.350742,-97.4304975,ok
5055 Hwy 71 E in Del Valle (TX),10,,,no_result
8902 Briardale Dr in Austin (TX),10,30.3649545,-97.7148729,ok
1308 Thornberry Rd in Austin (TX),10,30.2233,-97.664541,ok
2124 Burton Dr in Austin (TX),10,30.2320376,-97.7338087,ok
7807 Broken Lance in Austin (TX),10,,,no_result
9200 North Plaza in Austin (TX),10,30.354603,-97.685843,ok
4402 Nixon Ln in Austin (TX),10,30.272621,-97.6508855,ok
6712 Cruz St in Austin (TX),10,30.2281295,-97.6958085,ok
5521 Hiline Rd in Austin (TX),10,,,no_result
Manchaca Rd And W Dittmar Rd in Austin (TX),10,,,no_result
3100 Barksdale in Travis (TX),10,30.2311409,-97.5938423,ok
505 Barton Springs in Austin (TX),10,30.2574568,-97.7492508,ok
Barney Dr in Travis (TX),10,30.376398,-97.9374544,ok
5500 Ponciana in Austin (TX),10,30.19773,-97.7560656,ok
N Interstate 35 Frontage Rd And E Braker Ln in Austin (TX),10,,,no_result
8528 Cornwall Dr in Austin (TX),10,30.178496,-97.80023,ok
3109 Robinson Ave in Austin (TX),10,30.2885845,-97.7216854,ok
17004 Round Mountain in Travis (TX),10,30.607965,-97.93458,ok
8748 Birmingham Dr in Austin (TX),10,30.1784795,-97.8053807,ok
8311 Evelyn Road in Travis (TX),10,30.0720185,-97.6892002,ok
1620 Old Lockhart Road in Travis (TX),10,30.1074695,-97.7406994,ok
2200 S Pleasant Valley Rd in Austin (TX),9,30.2314055,-97.7260331,ok
2005 Willow Creek in Austin (TX),9,30.232053,-97.728603,ok
2701 E 7Th St in Austin (TX),9,30.2591425,-97.7115491,ok
12345 Lamplight Village in Austin (TX),9,30.4125275,-97.6960904,ok
1135 Garland Ave in Austin (TX),9,30.2701099,-97.6843042,ok
5315 Ed Bluestein Blvd in Austin (TX),9,30.2919885,-97.6620679,ok
4404 E Oltorf in Austin (TX),9,30.227067,-97.72624,ok
W Slaughter Ln & Brodie Ln in Austin (TX),9,,,no_result
Bolm Rd And Airport Blvd in Austin (TX),9,,,no_result
5201 Ross Rd in Del Valle (TX),9,30.1776045,-97.6106312,ok
10902 Mcangus Rd in Del Valle (TX),9,,,no_result
12Th And Airport Blvd in Austin (TX),9,30.2764939,-97.7002412,ok
Ross Rd And Hwy 71 in Del Valle (TX),9,,,no_result
4477 S Lamar Blvd in Austin (TX),9,30.2309728,-97.7976004,ok
3300 Killingsworth in Travis (TX),9,30.41297,-97.60561,ok
2303 Vanderbilt Cir in Austin (TX),9,30.31918,-97.679028,ok
812 Springdale in Austin (TX),9,30.258933,-97.699975,ok
1012 Arthur Stiles Rd in Austin (TX),9,30.258765,-97.6810751,ok
W Slaughter Ln & Manchaca Rd in Austin (TX),9,,,no_result
2000 Burton Dr in Austin (TX),9,30.2333424,-97.7320381,ok
1161 Harvey Ln in Austin (TX),9,,,no_result
9345 E Us Hwy 290 in Austin (TX),9,30.328411,-97.6423733,ok
720 Airport Blvd in Austin (TX),9,30.2540778,-97.692697,ok
4400 Franklin Park in Austin (TX),9,30.2004214,-97.746737,ok
8900 N Ih35 in Austin (TX),9,,,no_result
12403 Mellow Meadow Dr in Travis (TX),9,,,no_result
2504 New York Dr in Austin (TX),9,30.2737045,-97.7137121,ok
5500 Ross Rd in Austin (TX),9,30.1737482,-97.6237367,ok
2500 Magin Meadow Dr in Austin (TX),9,30.179884,-97.7616371,ok
2304 Wirtz Ave in Austin (TX),9,30.2460457,-97.7664535,ok
7125 Howerington Cir in Austin (TX),9,30.304971,-97.644138,ok
1128 Spur St in Austin (TX),9,30.271456,-97.6883277,ok
12001 Dessau Rd in Austin (TX),9,30.378893,-97.6534118,ok
6800 Mcneil Dr in Austin (TX),9,30.438984,-97.759665,ok
8101 Salt Springs Dr in Austin (TX),9,30.158832,-97.7450384,ok
1044 Norwood Park Blvd in Austin (TX),9,30.336547,-97.691552,ok
4108 Nixon Ln in Austin (TX),9,30.2703005,-97.652448,ok
5300 Overbrook in Austin (TX),9,30.299667,-97.6847619,ok
Montopolis And Del Monte in Austin (TX),9,30.2420182,-97.6924836,ok
1600 Grove Blvd in Austin (TX),9,30.2298445,-97.7070896,ok
1604 Red Fox in Austin (TX),9,,,no_result
Debba Dr And Red Fox Rd in Lakeway (TX),9,,,no_result
1904 Bitter Creek Dr in Austin (TX),9,30.185659,-97.765943,ok
7314 Gaines Mill Ln in Austin (TX),9,30.1985325,-97.8101769,ok
6407 Springdale Rd in Austin (TX),9,30.306429,-97.66943,ok
2614 Howellwood Way in Austin (TX),9,30.176343,-97.8344242,ok
1116 1/2 Gunter St in Austin (TX),9,30.265752,-97.698805,ok
4550 Mueller Blvd in Austin (TX),9,30.297123,-97.7072793,ok
4404 E Oltorf St in Austin (TX),9,30.227067,-97.72624,ok
11301 Farrah Lane in Austin (TX),9,30.1400268,-97.7999729,ok
8909 Briardale Dr in Austin (TX),9,30.365239,-97.7141356,ok
5800 Techni Center Drive in Austin (TX),9,30.27902,-97.671409,ok
Quicksilver & S Pleasant Valley in Austin (TX),9,,,no_result
5808 Wilcab Rd in Austin (TX),9,30.273855,-97.675691,ok
10528 Channel Island Dr in Austin (TX),9,30.149827,-97.7876521,ok
6808 S Ih 35 Frontage Rd in Austin (TX),9,,,no_result
12201 Von Quintus Road in Austin (TX),9,,,no_result
6300 S Congress Ave in Austin (TX),9,30.198323,-97.777279,ok
9610 Colfax Drive in Travis (TX),9,30.279246,-97.6212643,ok
4700 East Riverside Drive in Austin (TX),9,30.2318905,-97.7191474,ok
7007 Guadalupe St in Austin (TX),9,30.336133,-97.7151141,ok
3721 Rr North 620 in Austin (TX),9,,,no_result
6700 Krollton in Austin (TX),9,30.207831,-97.8117696,ok
806 Park Blvd in Austin (TX),9,30.302067,-97.7222035,ok
6904 Tulane Dr in Austin (TX),9,30.313278,-97.667275,ok
6506 Bolm Rd in Austin (TX),9,30.2544835,-97.6803058,ok
6540 Ed Bluestein Blvd in Austin (TX),9,30.303791,-97.6617253,ok
11503 Hereford Street in Manor (TX),9,,,no_result
North Ih-35 And Rundberg in Austin (TX),9,30.3600121,-97.6920069,ok
20602 Ed Acklin in Travis (TX),9,30.277215,-97.491483,ok
Redwater Dr And Manchaca Rd in Austin (TX),9,,,no_result
2510 Lehigh Dr in Austin (TX),9,30.3170605,-97.6771825,ok
18701 Blake Manor Rd in Manor (TX),9,30.3205091,-97.5418671,ok
9301 Hog Eye Rd in Austin (TX),9,30.2817823,-97.6224826,ok
2705 Hoeke Ln in Austin (TX),9,30.212636,-97.689897,ok
12410 Alameda Trace Circle in Austin (TX),9,30.4316094,-97.7438767,ok
7427 Onion Creek in Austin (TX),9,30.1700679,-97.7520024,ok
S Hwy 183 And Thompson Ln in Austin (TX),9,,,no_result
7212 Bill Hughes Rd in Austin (TX),9,30.1896905,-97.7889194,ok
7020 Grand Canyon in Austin (TX),9,30.3263349,-97.6956313,ok
Fm 969 And Highway 30 in Travis (TX),9,,,no_result
3303 Oak Alley in Austin (TX),9,30.198364,-97.8342812,ok
8408 Elroy Rd in Travis (TX),9,30.133959,-97.622348,ok
Purple Sage Dr And Lazy Creek Dr in Austin (TX),9,,,no_result
13021 Dessau Road in Austin (TX),9,30.4001006,-97.6405055,ok
4528 Chateau Village Way in Austin (TX),9,30.1727955,-97.7608121,ok
9508 Linkmeadow Dr in Austin (TX),9,30.1845455,-97.8392925,ok
8912 Lone Tree Dr in Manor (TX),9,,,no_result
Davis And Manchaca in Austin (TX),9,,,no_result
13021 in Austin (TX),9,30.3904412,-97.6220179,ok
15208 Chamberlain Ct in Austin (TX),9,,,no_result
6511 Burnet Lane in Austin (TX),9,30.340732,-97.737631,ok
8213 Sam Rayburn in Austin (TX),9,30.346902,-97.6992051,ok
Bramble Bush And Thaxton Road in Austin (TX),9,,,no_result
5204 Purple Sage in Austin (TX),9,30.311698,-97.6588167,ok
7020 Grand Canyon Dr in Austin (TX),8,30.3263349,-97.6956313,ok
Slaughter Ln in Austin (TX),8,30.1831244,-97.8491163,ok
333 E Slaughter Ln in Austin (TX),8,30.165951,-97.780802,ok
4900 E Oltorf in Austin (TX),8,30.223214,-97.721451,ok
5309 E Riverside Dr in Austin (TX),8,30.2292915,-97.7131951,ok
8601 Vertex Blvd in Austin (TX),8,30.156266,-97.7517128,ok
3401 Webberville Rd in Austin (TX),8,30.2676712,-97.7060588,ok
E Riverside Dr & Montopolis Dr in Austin (TX),8,,,no_result
4313 S 1St St in Austin (TX),8,30.221985,-97.771851,ok
Rundberg And Lamar in Austin (TX),8,30.3627689,-97.6965427,ok
1800 E Stassney in Austin (TX),8,30.1975405,-97.7607977,ok
4600 Nuckols Crossing in Austin (TX),8,30.199687,-97.7351682,ok
12113 Metric Blvd in Austin (TX),8,30.4037991,-97.6983994,ok
14100 Thermal Dr in Austin (TX),8,,,no_result
7001 S Congress Ave in Austin (TX),8,30.188878,-97.780068,ok
Red River in Austin (TX),8,30.2927989,-97.7248784,ok
6201 Sneed Cove in Austin (TX),8,30.193943,-97.763443,ok
8600 Brodie Ln in Austin (TX),8,30.1984245,-97.8407146,ok
Pleasant Valley And Riverside in Austin (TX),8,30.2295084,-97.7264207,ok
9805 Parkfield Dr in Austin (TX),8,30.372272,-97.7024717,ok
400 Cooper Dr in Austin (TX),8,30.3611643,-97.6959433,ok
3427 Parker Ln in Austin (TX),8,30.2199396,-97.741922,ok
11530 Manchaca in Austin (TX),8,30.2060508,-97.8024879,ok
Riverside in Austin (TX),8,30.2559733,-97.7275042,ok
7418 Cameron Rd in Austin (TX),8,30.330166,-97.6903401,ok
8805 N Plaza in Austin (TX),8,30.3507864,-97.6877154,ok
3201 Duval Rd in Austin (TX),8,30.4092425,-97.7187061,ok
10801 Old Manchaca Rd in Austin (TX),8,30.1625865,-97.8287716,ok
5403 Darlington Ln in Austin (TX),8,30.299805,-97.6811811,ok
11215 Research Blvd in Austin (TX),8,30.4091695,-97.7431171,ok
1000 E. 41St St. in Austin (TX),8,30.3004175,-97.7196077,ok
St Elmo in Austin (TX),8,30.2186355,-97.76694,ok
6711 Johnny Morris in Austin (TX),8,30.301208,-97.646534,ok
7501 Bluff Springs in Austin (TX),8,30.176482,-97.769365,ok
54 Rainey St in Austin (TX),8,30.257377,-97.739436,ok
8700 Brookfield Dr in Austin (TX),8,30.3610885,-97.711858,ok
5805 Blue Bluff Rd in Austin (TX),8,30.274416,-97.613385,ok
700 Green Meadow in Austin (TX),8,,,no_result
6103 Manor Rd in Austin (TX),8,30.3069935,-97.6780528,ok
6002 Jain Ln in Austin (TX),8,30.2609155,-97.6827547,ok
8805 North Plaza Dr in Austin (TX),8,,,no_result
2201 Montopolis Dr in Austin (TX),8,30.2222308,-97.7043463,ok
5106 Village Square Dr in Austin (TX),8,30.1890499,-97.7434164,ok
1109 S Pleasant Valley in Austin (TX),8,30.2403895,-97.7181197,ok
Ih 35 in Austin (TX),8,30.2786851,-97.7272465,ok
12006 Greenleaf in Travis (TX),8,30.1882779,-97.8018559,ok
9008 Hunters Trace in Austin (TX),8,30.3661415,-97.7118245,ok
8105 Linden Rd in Del Valle (TX),8,30.1377905,-97.5837188,ok
3105 S Ih 35 in Austin (TX),8,,,no_result
6106 Wheless Cv in Austin (TX),8,30.3098585,-97.6803821,ok
12032 Lincolnshire Dr in Austin (TX),8,30.4007845,-97.6932927,ok
7201 Danwood Dr in Austin (TX),8,30.424883,-97.769183,ok
4811 Aberdeen Dr in Austin (TX),8,30.2173925,-97.780088,ok
14811 Bescott in Austin (TX),8,,,no_result
14608 Rumfeldt in Del Valle (TX),8,,,no_result
7101 Appaloosa Ct in Travis (TX),8,30.062016,-97.716113,ok
9908 Thaxton Rd in Austin (TX),8,30.1567797,-97.7397232,ok
2000 N. Ih35 in Austin (TX),8,,,no_result
Thaxton Rd in Austin (TX),8,30.1567797,-97.7397232,ok
9102 Happy Trl in Austin (TX),8,,,no_result
1124 Rutland Dr in Austin (TX),8,30.368725,-97.7038126,ok
2504 Sunny Hills Dr in Austin (TX),8,30.1738785,-97.7642255,ok
8805 N Plaza Ct in Austin (TX),8,30.3521035,-97.6858592,ok
20906 Delorio St in Manor (TX),8,,,no_result
23107 Fulkes Ln in Travis (TX),8,,,no_result
3401 W Parmer Ln in Austin (TX),8,30.420923,-97.709669,ok
1030 Norwood Park in Austin (TX),8,30.339196,-97.6896354,ok
12705 Encino Dr in Travis (TX),8,30.122455,-97.8151081,ok
12440 Alameda Trace Circle in Austin (TX),8,30.4293614,-97.7434951,ok
9345 E Hwy 290 in Austin (TX),8,,,no_result
3801 Berkman Dr in Austin (TX),8,30.290653,-97.6976942,ok
8220 W Hwy 71 in Austin (TX),8,30.2465907,-97.8873928,ok
302 Provines Dr in Austin (TX),8,30.375638,-97.686243,ok
13500 Lazyridge Dr in Pflugerville (TX),8,,,no_result
11701 Metric Blvd in Austin (TX),8,30.3965282,-97.7046378,ok
14809 Chicadee in Travis (TX),8,30.419025,-97.6233666,ok
8911 Fm 973 in Austin (TX),8,30.202978,-97.6397288,ok
2011 Greenbrook Pkwy in Austin (TX),8,30.305603,-97.6900797,ok
4811 S Congress Ave in Austin (TX),8,30.212236,-97.769525,ok
6001 Airport Blvd in Austin (TX),8,30.325454,-97.71407,ok
11123 Old Lockhart Rd in Austin (TX),8,,,no_result
Slaughter And 1826 in Austin (TX),8,30.1739149,-97.8217226,ok
6816 Lee Manor Cv in Manor (TX),8,,,no_result
4411 Meinardus Dr in Austin (TX),8,30.210573,-97.752457,ok
907 West Slaughter Lane in Austin (TX),8,30.1677187,-97.8071525,ok
3417 Minnie St in Austin (TX),8,30.2052155,-97.8348131,ok
1841 Wooten Park in Austin (TX),8,30.35419,-97.7254441,ok
6855 E Hwy 290 in Austin (TX),8,,,no_result
Gunter St And Neil in Austin (TX),8,,,no_result
20212 Lockwood Rd in Travis (TX),8,30.303336,-97.497467,ok
6205 Marigold in Austin (TX),8,30.230316,-97.701229,ok
6200 Loyola Lane in Austin (TX),8,30.3024715,-97.6508552,ok
13021 Legendary in Austin (TX),8,30.4353,-97.730394,ok
3101 Oak Springs Dr in Austin (TX),8,30.273021,-97.6997677,ok
9971 Quail Blvd in Austin (TX),8,30.3703835,-97.7002974,ok
5000 E Cesar Chavez in Austin (TX),8,30.2558955,-97.7317072,ok
19211 Blake Manor Rd in Manor (TX),8,30.3205091,-97.5418671,ok
704 Hyde Park Ct in Austin (TX),8,30.179175,-97.7991878,ok
9707 Colpax Drive in Austin (TX),8,,,no_result
6514 Pevensey Dr in Austin (TX),8,30.1995645,-97.7876807,ok
3200 Northeast Dr in Austin (TX),8,30.310183,-97.6723556,ok
1190 Airport Blvd in Austin (TX),8,30.2751205,-97.701166,ok
7604 Lazy River Cv in Austin (TX),8,,,no_result
720 Yarsa Blvd in Austin (TX),8,30.1760335,-97.8033722,ok
2906 Gem Circle in Austin (TX),8,30.2335065,-97.7594256,ok
11125 Henge Dr in Austin (TX),8,30.422441,-97.7740972,ok
1301 Webberwood in Travis (TX),8,30.2235243,-97.4876059,ok
Hamilton Pool Rd in Travis (TX),8,30.3096279,-97.9655926,ok
12900 N Ih 35 in Austin (TX),8,,,no_result
4811 Prock Lane in Austin (TX),8,30.269219,-97.68974,ok
Silverstone Dr And Pointsetta Ln in Austin (TX),8,,,no_result
2015 Cedar Bnd #1400 in Austin (TX),8,30.40965,-97.6996583,ok
7205 E Meadow Bend in Austin (TX),8,,,no_result
8714 Fm 812 in Travis (TX),8,30.1642784,-97.6890402,ok
6808 S Ih35 in Austin (TX),8,,,no_result
920 Water St in Travis (TX),8,30.228444,-97.5166001,ok
1922 Wickersham Ln in Austin (TX),8,30.2330558,-97.7202692,ok
201 Chicon in Austin (TX),8,30.2581325,-97.7238772,ok
1109 S Pleasant Valley Rd in Austin (TX),8,30.2403895,-97.7181197,ok
11717 Schriber Rd in Travis (TX),8,30.0700865,-97.6773792,ok
E 9Th And Navasota in Austin (TX),8,,,no_result
6502 S 1St St in Austin (TX),8,30.1992815,-97.786921,ok
1803 Belford Dr in Austin (TX),8,30.3545475,-97.7242231,ok
1601 Faro in Austin (TX),8,30.233477,-97.711689,ok
8225 N Fm 620 in Austin (TX),8,30.4321059,-97.8415413,ok
20636 Cameron in Travis (TX),8,30.4558035,-97.500624,ok
10510 Wendts Way in Austin (TX),8,30.455056,-97.803327,ok
5600 Netleaf Rd in Austin (TX),8,,,no_result
2504 Stratford Dr in Austin (TX),8,30.2761719,-97.777743,ok
15300 Spring Hill Ln in Austin (TX),8,30.4381315,-97.6557024,ok
4309 Bellvue Dr in Austin (TX),8,,,no_result
Bluff Springs Dr in Austin (TX),8,30.1892192,-97.7674716,ok
10802 San Jose Ave in Travis (TX),8,30.147496,-97.666874,ok
6300 Sierra Vista Dr in Travis (TX),8,30.45196,-97.973897,ok
9100 Fm 812 Road in Travis (TX),8,,,no_result
10907 Spicewood Pkwy in Austin (TX),8,30.434474,-97.799648,ok
9200 Towana Dr in Austin (TX),8,,,no_result
4858 Yager Ln in Travis (TX),8,30.364832,-97.6286288,ok
7627 Crystalbrook W in Austin (TX),8,30.3165085,-97.6524674,ok
8312 North Ih 35 in Austin (TX),8,,,no_result
446 Tiffany Trl in Austin (TX),8,,,no_result
14704 Alps Drive in Travis (TX),8,30.13291,-97.6141814,ok
7624 Cayenne Ln in Austin (TX),8,30.224078,-97.6913418,ok
5801 Alomar in Austin (TX),8,30.169205,-97.619033,ok
Oltorf & Burleson in Austin (TX),8,30.2310983,-97.7353419,ok
9102 Shephard Drive in Austin (TX),8,,,no_result
3235 E Martin Luther King Jr Blvd in Austin (TX),8,30.28241,-97.7023214,ok
7900 Thaxton Road in Austin (TX),8,30.1601142,-97.7491861,ok
Rampart St & Paris Ave in Austin (TX),8,,,no_result
11906 Bronco Circle in Austin (TX),8,,,no_result
La Paz And Paloma in Del Valle (TX),8,,,no_result
8105 Topanga Lane in Austin (TX),8,30.2842426,-97.6384121,ok
411 Bastrop in Austin (TX),8,30.239183,-97.687427,ok
W Slaughter Ln And Manchaca Rd in Austin (TX),7,,,no_result
6001 W Parmer Ln in Austin (TX),7,30.4416869,-97.7450329,ok
S Pleasant Valley Rd & E Stassney Ln in Austin (TX),7,,,no_result
11901 Pavilion in Austin (TX),7,30.424966,-97.754237,ok
2347 Douglas St in Austin (TX),7,30.2280765,-97.7313382,ok
2400 E Oltorf in Austin (TX),7,30.2292955,-97.7291359,ok
1201 Grove Blvd in Austin (TX),7,30.234152,-97.7040536,ok
Dessau Rd & E Howard Ln in Austin (TX),7,,,no_result
7131 Wood Hollow Dr in Austin (TX),7,30.35545,-97.751547,ok
Springdale And Airport in Austin (TX),7,30.2649054,-97.6954378,ok
710 East Ben White Blvd in Austin (TX),7,30.2192565,-97.755355,ok
515 Vargas Rd in Austin (TX),7,30.2359456,-97.6908641,ok
500 E Anderson Ln in Austin (TX),7,30.341536,-97.701898,ok
Manchaca Rd And W Slaughter Ln in Austin (TX),7,,,no_result
3421 W William Cannon in Austin (TX),7,30.2125425,-97.8306502,ok
4106 N.Lamar in Austin (TX),7,30.309476,-97.740685,ok
Airport And Bolm in Austin (TX),7,,,no_result
1901 Onion Creek Pkwy in Austin (TX),7,30.1371845,-97.8001546,ok
6001 Cougar Dr in Austin (TX),7,30.206509,-97.786454,ok
2500 W Parmer Ln in Austin (TX),7,30.4202581,-97.7014615,ok
11530 Manchaca Rd in Austin (TX),7,30.1685841,-97.8306185,ok
2000 Cullen Ave in Austin (TX),7,30.34556,-97.733693,ok
Manchaca in Austin (TX),7,30.2060508,-97.8024879,ok
7500 S Pleasant Valley in Austin (TX),7,30.170394,-97.75387,ok
189 Jacobson Rd in Del Valle (TX),7,,,no_result
Airport Blvd in Austin (TX),7,30.2918039,-97.7077086,ok
421 Thompson Ln in Austin (TX),7,30.239379,-97.682825,ok
9200 N Plaza in Austin (TX),7,30.354603,-97.685843,ok
1071 Clayton Ln in Austin (TX),7,30.3184385,-97.703198,ok
5801 Ainez in Austin (TX),7,30.1876968,-97.7382435,ok
17005 Hayride Cir in Del Valle (TX),7,,,no_result
4700 Staggerbrush in Austin (TX),7,30.23465,-97.838495,ok
7009 Twin Crest Drive in Austin (TX),7,30.33314,-97.708308,ok
6200 Loyola in Austin (TX),7,30.3024715,-97.6508552,ok
Emma Browning/ Burleson in Austin (TX),7,,,no_result
15300 Lucian St in Austin (TX),7,,,no_result
4600 Elmont Dr in Austin (TX),7,30.2384895,-97.7168705,ok
Stassney And Pleasant Valley in Austin (TX),7,30.1939098,-97.7438797,ok
7715 Hidden View Cir in Austin (TX),7,30.2858093,-97.6403834,ok
6212 Crow Ln in Austin (TX),7,30.197317,-97.772128,ok
11602 Gunsmoke Circle in Austin (TX),7,30.4475745,-97.8088534,ok
2201 Willow Creek in Austin (TX),7,30.230486,-97.7298449,ok
1600 Wickersham in Austin (TX),7,30.2364736,-97.718744,ok
1500 Faro in Austin (TX),7,30.2341226,-97.7144441,ok
2510 Euclid Ave in Austin (TX),7,30.23807,-97.7577807,ok
12133 Metric Blvd in Austin (TX),7,30.405744,-97.697238,ok
2210 E 9Th St Unit C in Austin (TX),7,,,no_result
1720 Wells Branch Pkwy in Austin (TX),7,30.4403032,-97.6623168,ok
2707 S Ih 35 in Austin (TX),7,,,no_result
10812 Galsworthy Ln in Austin (TX),7,30.1872825,-97.8855651,ok
9219 Anderson Mill Rd in Austin (TX),7,30.4507585,-97.7823835,ok
12440 Alameda Trace in Austin (TX),7,30.4293614,-97.7434951,ok
Oak Springs And Airport in Austin (TX),7,30.2754029,-97.6989276,ok
9301 Johnny Morris in Austin (TX),7,30.2918637,-97.6535973,ok
5010 Old Manor Rd in Austin (TX),7,30.2991539,-97.6917056,ok
5909 Reicher Dr in Austin (TX),7,30.3044983,-97.6750767,ok
6505 Burleson Rd in Austin (TX),7,30.203065,-97.7146665,ok
1701 W Ben White Blvd in Austin (TX),7,30.2266745,-97.7843555,ok
1817 E Oltorf in Austin (TX),7,30.2316267,-97.7365656,ok
Mckinney Falls And Burleson in Austin (TX),7,,,no_result
Riverside And Crossing Place in Austin (TX),7,30.235892,-97.7114771,ok
15609 E Hwy 290 in Travis (TX),7,30.3505982,-97.4821243,ok
1127 Bolm Road in Austin (TX),7,30.261224,-97.6982044,ok
6403 Johnny Morris in Austin (TX),7,30.2969084,-97.6488779,ok
21205 W 71 in Travis (TX),7,29.9025022,-96.9049802,ok
8201 Riverstone Dr in Austin (TX),7,30.293392,-97.6310405,ok
1012 Cripple Creek Dr in Austin (TX),7,30.3737289,-97.6977282,ok
1715 W Cesar Chavez St in Austin (TX),7,30.2729495,-97.7669279,ok
124 W. Anderson in Austin (TX),7,30.344704,-97.705244,ok
1705 Frontier Valley Dr in Austin (TX),7,30.224785,-97.694972,ok
3805 River Rd in Travis (TX),7,30.195092,-97.512758,ok
15411 Ullman Dr in Austin (TX),7,,,no_result
11150 Research Blvd in Austin (TX),7,30.4067525,-97.7470274,ok
4601 E St Elmo Rd in Austin (TX),7,30.205198,-97.73721,ok
20802 Dawn Dr in Lago Vista (TX),7,30.45553,-97.989525,ok
500 Mairo in Austin (TX),7,30.1814485,-97.791466,ok
4821 E Riverside Dr in Austin (TX),7,30.2312263,-97.7176157,ok
9705 Carson Creek in Austin (TX),7,30.222609,-97.665565,ok
4906 Birch Creek Rd in Austin (TX),7,30.1936931,-97.7334859,ok
7100 Bluff Springs Rd in Austin (TX),7,30.1830026,-97.7692813,ok
5509 Tallow Tree Dr in Austin (TX),7,30.195811,-97.7540884,ok
909 W Village Ln in Austin (TX),7,30.369226,-97.698259,ok
7125 Howerington Circle in Austin (TX),7,30.304971,-97.644138,ok
14714 Colt Dr in Travis (TX),7,30.374659,-97.933312,ok
6600 Elm Creek Drive in Austin (TX),7,30.187324,-97.7636993,ok
4900 E Oltorf St in Austin (TX),7,30.223214,-97.721451,ok
13602 Fm 969 in Austin (TX),7,30.2847611,-97.6600471,ok
W Braker Ln And 183 in Austin (TX),7,30.3792717,-97.6816067,ok
8803 Georgian Dr in Austin (TX),7,30.3535105,-97.6985156,ok
3300 Parker Ln in Austin (TX),7,30.2229173,-97.7422875,ok
Hog Eye Road And Jones Road in Travis (TX),7,,,no_result
12316 Fay Street in Manor (TX),7,,,no_result
7402 Vintage Hills in Austin (TX),7,30.318178,-97.665624,ok
24609 Long Hollow Trail in Travis (TX),7,30.584719,-97.9751845,ok
Parmer And Dessau in Austin (TX),7,,,no_result
1030 Norwood Park Boulevard in Austin (TX),7,30.339196,-97.6896354,ok
6502 S 1St in Austin (TX),7,30.1992815,-97.786921,ok
8310 Annabella Dr in Travis (TX),7,,,no_result
5901 S First in Austin (TX),7,30.1757179,-97.7995395,ok
1001 Lipan Trl in Austin (TX),7,30.335143,-97.869191,ok
1901 W William Cannon Dr in Austin (TX),7,30.2015532,-97.806476,ok
12211 Old Stage Trl in Austin (TX),7,30.4529405,-97.7984852,ok
4906 Birch Creek in Austin (TX),7,30.1936931,-97.7334859,ok
12820 N Lamar Blvd in Austin (TX),7,30.414341,-97.6785575,ok
5616 Old Fredericksburg Rd in Austin (TX),7,30.235823,-97.844617,ok
San Jose in Del Valle (TX),7,26.1238161,-98.1861309,ok
5017 W Hwy 290 in Austin (TX),7,,,no_result
13904 Old Hwy 20 in Manor (TX),7,30.3418856,-97.5640304,ok
2325 Deadwood in Austin (TX),7,30.19659,-97.7491995,ok
Acorn Oaks And Cooper in Austin (TX),7,,,no_result
5511 Salem Hill in Austin (TX),7,30.2126605,-97.787842,ok
317 Artesian Dr in Bastrop (TX),7,30.0098198,-97.539361,ok
Slaughter/Ih35 in Austin (TX),7,,,no_result
9201 Circuit Of The Americas Blvd in Del Valle (TX),7,,,no_result
600 W William Cannon Dr in Austin (TX),7,30.1974516,-97.784965,ok
Lancaster And Philomena in Austin (TX),7,,,no_result
1601 E Anderson Ln in Austin (TX),7,30.330791,-97.6842902,ok
Maha Rd in Del Valle (TX),7,,,no_result
2900 Century Park Blvd in Austin (TX),7,30.4353925,-97.6950889,ok
4400 Franklin Park Dr in Austin (TX),7,30.2004214,-97.746737,ok
8827 East Dr in Austin (TX),7,30.353893,-97.6955655,ok
Fulkes in Travis (TX),7,30.5798757,-97.9582605,ok
5605 Nuckols Crossing in Austin (TX),7,30.188744,-97.740387,ok
Springdale And 51St in Austin (TX),7,30.2940263,-97.6784385,ok
4108 Clawson Rd in Austin (TX),7,30.2301824,-97.7834415,ok
3101 Wells Branch Parkway in Austin (TX),7,30.4403032,-97.6623168,ok
6711 Johnny Morris Rd in Austin (TX),7,30.301208,-97.646534,ok
2250 Ridgepoint Dr in Austin (TX),7,30.3304838,-97.6761316,ok
520 Sacramento Dr in Austin (TX),7,30.2359225,-97.7628531,ok
5901 E Stassney Ln in Austin (TX),7,30.191129,-97.730912,ok
7902 Tisdale St in Austin (TX),7,,,no_result
4537 S Ih 35 in Austin (TX),7,,,no_result
5504 Ledesma Rd in Austin (TX),7,30.269654,-97.6807812,ok
7001 S Congress in Austin (TX),7,30.188878,-97.780068,ok
12817 New Katy in Manor (TX),7,,,no_result
14912 Swiss Drive in Del Valle (TX),7,,,no_result
Melissa Oaks in Austin (TX),7,30.1577675,-97.7830499,ok
2509 Winchell Lane in Austin (TX),7,30.2604885,-97.6715235,ok
Springville Ln & Onion Crossing Dr in Austin (TX),7,,,no_result
8501 Cameron Rd in Austin (TX),7,30.341322,-97.680277,ok
1600 Royal Crest Dr in Austin (TX),7,30.2395435,-97.7309902,ok
1144 Airport Boulevard in Austin (TX),7,30.2716762,-97.6977898,ok
20907 Delorio St in Manor (TX),7,,,no_result
1149 Ebert Ave in Austin (TX),7,30.2709875,-97.6864435,ok
10000 Research Blvd in Austin (TX),7,30.3932439,-97.7475102,ok
71 & Tx 45 in Austin (TX),7,30.4681125,-97.7968412,ok
11923 Us Hwy 290 E in Manor (TX),7,30.3476352,-97.5441702,ok
1830 Simond Ave in Austin (TX),7,30.29758,-97.705002,ok
1398 Harris Ridge Blvd in Austin (TX),7,30.4066501,-97.6505365,ok
1157 Salina St in Austin (TX),7,30.270509,-97.7197436,ok
Mansell And Gonzalez in Austin (TX),7,,,no_result
21428 Creekside in Leander (TX),7,,,no_result
1605 Barney Drive in Austin (TX),7,,,no_result
Starstreak Dr And Starbright Dr in Austin (TX),7,,,no_result
Hamilton Pool Rd & Stagecoach Rr in Travis (TX),7,,,no_result
2215 E M Franklin Ave in Austin (TX),7,30.288116,-97.697664,ok
5904 Dunbury Dr in Austin (TX),7,30.3142865,-97.6942781,ok
Littig Rd And Ballerstedt Rd in Travis (TX),7,,,no_result
Fm 1825 And Sarah'S Creek Dr in Pflugerville (TX),7,,,no_result
6208 Tiner Trail in Austin (TX),7,30.291367,-97.6388692,ok
2317 Willow St in Austin (TX),7,30.25373,-97.7185695,ok
3108 Windsor Road in Austin (TX),7,30.296549,-97.767749,ok
Mustang Ridge (TX),7,30.0568828,-97.6911124,ok
4320 S Lamar in Austin (TX),7,30.2363889,-97.7826467,ok
2200 Willow Creek Drive in Austin (TX),7,30.230468,-97.730859,ok
4711 Castleman Dr in Austin (TX),7,,,no_result
9102 1/2 Happy Trl in Austin (TX),7,,,no_result
Bennet And 52Nd in Austin (TX),7,,,no_result
Johnny Morris Rd And Hwy 290 in Austin (TX),7,,,no_result
17902 Austin Blvd in Lago Vista (TX),7,30.421378,-97.959344,ok
973 & 183 in Travis (TX),7,30.425695,-97.6734905,ok
5500 Camp Fire Trl in Austin (TX),7,30.222313,-97.8580241,ok
1906 Millhouse Dr in Travis (TX),7,30.408937,-97.628808,ok
8023 Coulver in Austin (TX),7,,,no_result
19000 Limestone Commercial Dr in Pflugerville (TX),7,30.4719603,-97.5971263,ok
500 E Cesar Chavez St in Austin (TX),7,30.262437,-97.740912,ok
6375 E Highway 290 in Austin (TX),7,,,no_result
3511 Alpine Cir in Austin (TX),7,30.228935,-97.7625309,ok
9817 Circle Dr in Austin (TX),7,30.2441178,-97.9267664,ok
1505 Green Pastures Dr in Austin (TX),7,,,no_result
3816 Leafield Drive in Austin (TX),7,30.2041395,-97.843036,ok
1354 Old Lockhart Hwy in Travis (TX),7,30.1412183,-97.7627984,ok
1305 Citation Circle in Del Valle (TX),7,,,no_result
1302 Singleton Ave in Austin (TX),7,30.2759237,-97.7145354,ok
6108 Calmar Cove Unit B in Austin (TX),7,,,no_result
4504 Sojourner St in Austin (TX),7,,,no_result
1605 Berene Avenue in Austin (TX),7,30.2820365,-97.6827696,ok
3416 River Rd in Travis (TX),7,30.200256,-97.51071,ok
1200 Eleanor St in Austin (TX),7,30.2741415,-97.6795706,ok
E Riverside Dr & Crossing Pl in Austin (TX),7,,,no_result
15611 Wells Road in Manor (TX),7,,,no_result
4717 Nuckols Crossing Rd in Austin (TX),7,30.1980105,-97.7355891,ok
6900 Nortre Dame Dr in Austin (TX),7,,,no_result
3601 Webberville Rd in Austin (TX),7,30.271749,-97.7047259,ok
5102 Lott Ave in Austin (TX),7,30.2758325,-97.6829189,ok
10105 Rodriguez Rd in Austin (TX),7,,,no_result
Johnny Morris in Austin (TX),7,30.2918637,-97.6535973,ok
19208 Hog Eye Rd in Travis (TX),7,30.294117,-97.51412,ok
12000 W Hwy 290 in Austin (TX),7,,,no_result
8105 Shaol Creek Blvd in Austin (TX),7,,,no_result
5630 Wagon Train Rd in Austin (TX),7,30.222893,-97.8618086,ok
4319 Terry-O Ln in Austin (TX),7,30.2152026,-97.7589964,ok
9002 Hunters Trace in Austin (TX),7,30.365643,-97.7120635,ok
Applegate And N Lamar Blvd in Austin (TX),7,30.3744831,-97.6904722,ok
2911 Rogge Ln in Austin (TX),7,30.303635,-97.680394,ok
3401 Burleson Rd in Austin (TX),7,30.2174235,-97.7334584,ok
10550 Maha Circle in Austin (TX),7,,,no_result
5204 Ranch Rd 2222 in Austin (TX),7,30.3512194,-97.7850187,ok
Springdale Rd & Alf Ave in Austin (TX),7,,,no_result
1005 Fairmont in Austin (TX),7,30.2192645,-97.7990501,ok
7206 Eganhill in Austin (TX),7,30.2055825,-97.8196681,ok
701 Wales Way in Austin (TX),7,30.179952,-97.7988896,ok
1204 Summer Set Ave in Austin (TX),7,,,no_result
1701 Inverness Blvd in Austin (TX),7,30.2157945,-97.79391,ok
4301 Grand Ave Parkway in Travis (TX),7,30.468215,-97.686764,ok
5522 Bitterwood in Travis (TX),7,30.275668,-97.622737,ok
6207 Vera Ln in Austin (TX),7,30.23834,-97.6959366,ok
4600 Nuckols Crossing # 2305 in Austin (TX),7,30.199687,-97.7351682,ok
Colony Creek Dr And Briardale Dr in Austin (TX),7,,,no_result
2900 Bee Cave Rd in Austin (TX),7,30.2668247,-97.784205,ok
20812 Verna in Manor (TX),7,,,no_result
7920 Old Lockhart in Travis (TX),7,30.0593228,-97.7048841,ok
8751 Linden Dr in Del Valle (TX),7,,,no_result
21973 Sylvia in Travis (TX),7,30.4261536,-97.6127408,ok
204 Florence in Austin (TX),7,30.353954,-97.6965518,ok
15100 Stave Oak Lane in Austin (TX),7,,,no_result
9810 Copper Creek Dr in Austin (TX),7,30.457762,-97.7894953,ok
1809 Collier in Austin (TX),7,30.2546955,-97.7701001,ok
6802 Santos in Austin (TX),7,30.2266755,-97.6966595,ok
14304 Nestle Court in Travis (TX),7,30.4183015,-97.6381729,ok
193 Berkely in Austin (TX),7,,,no_result
9104 Shepard Dr in Austin (TX),7,30.3606075,-97.6978805,ok
15109 Oklahoma in Austin (TX),7,,,no_result
6803 Deborah Drive in Austin (TX),7,30.3314945,-97.710514,ok
Highway 45 And Farm Road 1826 in Travis (TX),7,,,no_result
403 Vargas Road in Austin (TX),7,30.2385845,-97.6893421,ok
5600 Abilene Trail in Austin (TX),7,30.224858,-97.8582075,ok
11601 Argonne Forest in Austin (TX),7,30.4303005,-97.7651173,ok
9225 South 183 in Austin (TX),7,30.2805234,-97.6819301,ok
202 Old Bastrop Road in Travis (TX),7,30.175505,-97.530284,ok
9510 Night Star Drive in Del Valle (TX),7,,,no_result
6003 Eureka Drive in Austin (TX),7,30.2074555,-97.7902541,ok
815 Christopher Street in Austin (TX),7,30.255198,-97.755957,ok
507 West Applegate Drive in Austin (TX),7,30.372474,-97.689337,ok
East 7Th Street in Austin (TX),7,30.2619174,-97.7195252,ok
1311 Fairbanks Unit B in Austin (TX),7,,,no_result
7631 Us Highway 290 West in Austin (TX),7,30.2290318,-97.8834628,ok
1137 Gunter St in Austin (TX),6,30.269238,-97.6951761,ok
2600 Gracy Farms Ln in Austin (TX),6,30.4054145,-97.7117023,ok
2200 Berkeley Ave in Austin (TX),6,30.2100717,-97.8060477,ok
1511 Cripple Creek Dr in Austin (TX),6,30.3783193,-97.7047494,ok
Pleasant Valley in Austin (TX),6,30.2302634,-97.7241988,ok
Piedras Blanco in Austin (TX),6,30.1612126,-97.7398589,ok
1508 Southport Dr in Austin (TX),6,30.2321735,-97.7797839,ok
1109 South Pleasant Valley in Austin (TX),6,30.2403895,-97.7181197,ok
William Cannon And Ih 35 in Austin (TX),6,30.1890893,-97.7612887,ok
901 W Ben White in Austin (TX),6,30.2256422,-97.7752699,ok
2302 E William Cannon Dr in Austin (TX),6,30.1866035,-97.758213,ok
900 Chicon St in Austin (TX),6,30.2646724,-97.7223483,ok
1101 Grove Blvd in Austin (TX),6,30.236225,-97.70334,ok
1201 Payton Gin in Austin (TX),6,30.3596564,-97.7073287,ok
Bellflower in Austin (TX),6,30.4187272,-97.7772978,ok
1200 Montopolis Drive in Austin (TX),6,30.2323049,-97.699897,ok
Duval And Amherst in Austin (TX),6,30.4123171,-97.7215419,ok
5201 Ross Rd in Travis (TX),6,30.1776045,-97.6106312,ok
2501 Wickersham in Austin (TX),6,30.2235577,-97.7254174,ok
Mlk And 183 in Austin (TX),6,30.2793983,-97.6739222,ok
4800 Manor Rd in Austin (TX),6,30.2948576,-97.6907318,ok
Airport And Springdale in Austin (TX),6,30.2649054,-97.6954378,ok
Airport Blvd & Springdale Rd in Austin (TX),6,,,no_result
2430 Cromwell Cir in Austin (TX),6,30.2266972,-97.7209199,ok
1901 Montopolis Dr in Austin (TX),6,30.2256321,-97.7025883,ok
10911 Maha Loop in Austin (TX),6,,,no_result
12316 Fay St in Travis (TX),6,30.374594,-97.6204502,ok
500 Bastrop Hwy in Austin (TX),6,30.2388263,-97.6873356,ok
Old San Antonio Rd in Travis (TX),6,30.1501422,-97.7980635,ok
12401 Pauls Valley Rd in Austin (TX),6,,,no_result
2815 E 71 in Austin (TX),6,30.2599268,-97.7092574,ok
15005 Nuttall in Austin (TX),6,,,no_result
Hwy 183 in Austin (TX),6,30.2179526,-97.6834263,ok
9110 Us Hwy 183 South in Austin (TX),6,30.1196236,-97.6958712,ok
8704 Ingrid Dr in Travis (TX),6,30.278077,-97.4619691,ok
8224 Research Blvd #244 in Austin (TX),6,30.355153,-97.717206,ok
N Lamar in Austin (TX),6,30.369852,-97.6872612,ok
Ben White And S Ih 35 in Austin (TX),6,30.2298358,-97.7909849,ok
12151 N Ih 35 in Austin (TX),6,,,no_result
Onion Creek in Austin (TX),6,30.1746972,-97.6786408,ok
Paleface Ranch Road in Travis (TX),6,30.4467078,-98.1012172,ok
2100 Wickersham Ln in Austin (TX),6,30.2315722,-97.7211233,ok
11441 North Ih 35 in Austin (TX),6,,,no_result
7Th/Pleasant Valley in Austin (TX),6,30.2302634,-97.7241988,ok
7515 Compass Dr in Austin (TX),6,,,no_result
1137 Gunter in Austin (TX),6,30.269238,-97.6951761,ok
5315 Ed Bluestein in Austin (TX),6,30.2919885,-97.6620679,ok
7307 E Riverside in Austin (TX),6,30.2206491,-97.6939999,ok
4204 Sojourner Ln in Austin (TX),6,,,no_result
183 And Cameron in Austin (TX),6,30.3473111,-97.672524,ok
2206 Prather Ln in Austin (TX),6,30.2364264,-97.7883006,ok
Slaughter Ln And Manchaca in Austin (TX),6,,,no_result
Burleson And Mckinney Falls in Travis (TX),6,30.1922951,-97.6982477,ok
12800 Turtle Rock Rd in Austin (TX),6,30.451542,-97.7743512,ok
4705 Bayside in Austin (TX),6,30.200419,-97.7406535,ok
12100 Metric Blvd in Austin (TX),6,30.403917,-97.7005725,ok
4601 St Elmo Rd in Austin (TX),6,30.205198,-97.73721,ok
8054 Exchange Dr in Austin (TX),6,30.3307515,-97.6647034,ok
11300 Samsung Blvd in Austin (TX),6,30.36085,-97.640232,ok
Loyola Ln And Decker Ln in Austin (TX),6,,,no_result
1119 Linden in Austin (TX),6,30.267431,-97.7036816,ok
8300 Hergotz in Austin (TX),6,30.246439,-97.672454,ok
9815 Copper Creek Dr in Austin (TX),6,30.45771,-97.788261,ok
7310 Meador Ave in Austin (TX),6,30.3311315,-97.6952035,ok
12120 Manchaca Rd in Austin (TX),6,30.1685841,-97.8306185,ok
2302 E William Cannon in Austin (TX),6,30.1866035,-97.758213,ok
515 S Pleasant Valley Rd in Austin (TX),6,30.2464194,-97.7141898,ok
1301 Thornberry Road in Austin (TX),6,30.222852,-97.664165,ok
2207 Wickersham Ln in Austin (TX),6,30.2290294,-97.7207309,ok
Airport Blvd And Springdale in Austin (TX),6,,,no_result
1100 E Oltorf St in Austin (TX),6,30.2359025,-97.7449256,ok
1500 E Riverside Dr in Austin (TX),6,30.2470737,-97.7320523,ok
9019 Elroy Rd in Travis (TX),6,30.122193,-97.6331045,ok
10616 Mellow Meadows in Austin (TX),6,30.460423,-97.801728,ok
11603 Gungrove Circle in Austin (TX),6,30.448384,-97.8102022,ok
7315 Providence in Austin (TX),6,30.3316445,-97.6956359,ok
7504 Bennet Ave in Austin (TX),6,,,no_result
Harris Branch Pkwy & St Merryn Rd in Austin (TX),6,,,no_result
Schebler St & Arrowmound Pass in Del Valle (TX),6,,,no_result
11507 Maha Loop in Austin (TX),6,,,no_result
Samsung Blvd & Longday in Austin (TX),6,,,no_result
301 Twin Creeks Rd in Travis (TX),6,30.124939,-97.815153,ok
1704 Nelms in Austin (TX),6,30.192998,-97.76505,ok
1121 Spur St in Austin (TX),6,30.27092,-97.68813,ok
800 Guadalupe St in Austin (TX),6,30.2713143,-97.7460288,ok
8700 Brodie Lane in Austin (TX),6,30.196999,-97.841592,ok
2807 Allison Drive in Austin (TX),6,30.2200135,-97.7246041,ok
7200 Duval St in Austin (TX),6,30.3349025,-97.7076171,ok
2338 Wilson St in Austin (TX),6,30.2416324,-97.7565504,ok
605 Masterson Pass in Austin (TX),6,30.3703665,-97.6910662,ok
2009 Kirksey Dr in Austin (TX),6,30.2303209,-97.717196,ok
8714 Fm 812 in Austin (TX),6,30.1642784,-97.6890402,ok
5408 Westminster Dr in Austin (TX),6,30.3068657,-97.6907912,ok
1102 S. Congress in Austin (TX),6,30.2544559,-97.7502362,ok
701 Center Ridge Dr in Austin (TX),6,30.415103,-97.667835,ok
1510 E Martin Luther King Jr Blvd in Austin (TX),6,30.2792253,-97.7249403,ok
3706 Goodwin Ave in Austin (TX),6,30.2680347,-97.6958287,ok
5413 Evans Ave in Austin (TX),6,30.317782,-97.7161986,ok
715 East 8Th St in Austin (TX),6,30.2674774,-97.7349511,ok
Tiner Trail in Austin (TX),6,30.2907785,-97.6389746,ok
14000 Westall St in Austin (TX),6,30.2435712,-97.5903364,ok